INSERT INTO siswa (id_siswa, nama_siswa, tanggal_lahir, kelamin) VALUES
('059561', 'Millie Grant', '2008-05-03', 'P'),
('096081', 'Franklin Weber', '2010-05-14', 'P'),
('008561', 'Jayden Bowen', '2008-08-27', 'L'),
('065341', 'Maria Rodriquez', '2008-12-23', 'L'),
('074181', 'Barbara Estrada', '2008-03-20', 'P'),
('089061', 'Derrick Freeman', '2010-01-22', 'L'),
('095361', 'Dora Oliver', '2008-01-15', 'P'),
('098411', 'Lula Hampton', '2009-08-12', 'L'),
('05541', 'Justin Lane', '2009-07-26', 'P'),
('066261', 'Walter Hayes', '2008-03-12', 'P'),
('071351', 'Myrtle Lawson', '2008-10-23', 'P'),
('063851', 'Nathaniel Todd', '2009-07-23', 'L'),
('049811', 'Nellie Flowers', '2010-12-16', 'P'),
('029671', 'Esther Pope', '2010-10-02', 'L'),
('044431', 'Leroy Austin', '2009-12-29', 'L'),
('051611', 'Stanley Lane', '2008-05-24', 'L'),
('087911', 'Tony Pope', '2009-08-20', 'P'),
('03901', 'Beatrice Murray', '2010-07-13', 'L'),
('01071', 'Elmer Lynch', '2008-05-18', 'P'),
('01171', 'Ethel Graham', '2009-04-12', 'L'),
('01591', 'Mabel Peterson', '2008-10-13', 'P'),
('02311', 'Owen Cooper', '2008-02-13', 'L'),
('02581', 'Clyde Jenkins', '2009-03-12', 'P'),
('03271', 'Ethel Arnold', '2009-07-28', 'P'),
('04161', 'Louis Fisher', '2010-09-01', 'L'),
('04721', 'Nellie Lynch', '2010-03-22', 'P'),
('05621', 'Owen Baker', '2008-07-20', 'L'),
('06851', 'Justin Cooper', '2008-01-26', 'L'),
('07421', 'Viola Baker', '2009-03-18', 'P'),
('07991', 'Stella Pope', '2009-07-12', 'L'),
('08711', 'Jesse Lynch', '2009-11-20', 'P'),
('08901', 'Tony Fisher', '2009-11-24', 'L'),
('09561', 'Justin Payne', '2008-05-02', 'L'),
('010171', 'Nellie Todd', '2009-07-26', 'P'),
('010461', 'Stella Arnold', '2009-03-24', 'L'),
('010661', 'Lula Lane', '2008-03-09', 'P'),
('011501', 'Nellie Austin', '2009-03-07', 'L'),
('011881', 'Stella Powell', '2008-05-08', 'P'),
('012431', 'Louis Murray', '2010-12-24', 'L'),
('012751', 'Mabel Todd', '2008-02-12', 'P'),
('013341', 'Dora Cooper', '2010-11-13', 'P'),
('013531', 'Justin Hayes', '2009-05-27', 'L'),
('013721', 'Mabel Pope', '2008-09-11', 'P'),
('013961', 'Owen Murphy', '2010-04-10', 'L'),
('014521', 'Viola Baker', '2009-07-16', 'P'),
('014901', 'Stella Miller', '2008-05-23', 'L'),
('015191', 'Nellie Peterson', '2008-07-07', 'P'),
('015501', 'Tony Hayes', '2010-06-25', 'L'),
('016141', 'Lula Fisher', '2009-01-25', 'P'),
('016461', 'Mabel Austin', '2009-10-12', 'L'),
('016841', 'Owen Powell', '2009-03-02', 'P'),
('017361', 'Louis Austin', '2009-08-09', 'L'),
('017681', 'Mabel Baker', '2009-05-10', 'P'),
('018281', 'Dora Cooper', '2010-01-20', 'L'),
('018481', 'Justin Cooper', '2008-11-09', 'P'),
('019441', 'Owen Miller', '2008-08-15', 'P'),
('019811', 'Clyde Arnold', '2010-07-28', 'L'),
('020181', 'Louis Arnold', '2009-05-23', 'P'),
('020471', 'Mabel Hayes', '2008-12-16', 'L'),
('021191', 'Dora Murray', '2009-07-06', 'P'),
('021571', 'Justin Miller', '2010-10-02', 'L'),
('021981', 'Owen Peterson', '2008-11-29', 'P'),
('022511', 'Viola Powell', '2008-08-17', 'L'),
('023151', 'Stella Hayes', '2010-07-28', 'P'),
('023341', 'Nellie Arnold', '2010-05-23', 'L'),
('023961', 'Louis Baker', '2008-03-24', 'P'),
('024411', 'Mabel Miller', '2009-05-04', 'L'),
('025071', 'Dora Peterson', '2008-01-20', 'P'),
('025211', 'Justin Powell', '2009-02-14', 'L'),
('026161', 'Owen Cooper', '2008-01-20', 'P'),
('026561', 'Clyde Lynch', '2009-03-17', 'L'),
('026771', 'Louis Murray', '2009-02-27', 'P'),
('027171', 'Mabel Peterson', '2008-01-20', 'L'),
('027411', 'Dora Todd', '2010-01-27', 'P'),
('028021', 'Justin Baker', '2009-04-19', 'L'),
('028441', 'Owen Austin', '2009-08-13', 'P'),
('029191', 'Clyde Miller', '2008-11-06', 'L'),
('029071', 'Louis Powell', '2009-01-15', 'P'),
('030311', 'Mabel Cooper', '2008-03-14', 'L'),
('030431', 'Dora Lynch', '2008-02-17', 'P'),
('031021', 'Justin Arnold', '2009-07-16', 'L'),
('031621', 'Owen Hayes', '2010-11-16', 'P'),
('032151', 'Clyde Peterson', '2009-02-05', 'L'),
('032331', 'Louis Todd', '2010-06-05', 'P'),
('032731', 'Mabel Arnold', '2010-01-14', 'L'),
('033481', 'Dora Austin', '2009-05-23', 'P'),
('034171', 'Justin Cooper', '2009-06-03', 'L'),
('034501', 'Owen Murray', '2008-03-24', 'P'),
('035171', 'Clyde Baker', '2008-09-06', 'L'),
('035511', 'Louis Hayes', '2010-07-22', 'P'),
('036121', 'Mabel Lynch', '2010-12-16', 'L'),
('036661', 'Dora Miller', '2009-01-26', 'P'),
('037061', 'Justin Peterson', '2009-06-05', 'L'),
('037591', 'Owen Todd', '2008-03-26', 'P'),
('038231', 'Clyde Powell', '2010-02-05', 'L'),
('038331', 'Louis Arnold', '2008-10-19', 'P'),
('038931', 'Mabel Austin', '2009-04-15', 'L'),
('039201', 'Dora Baker', '2008-03-06', 'P'),
('039911', 'Justin Hayes', '2010-03-20', 'L'),
('040081', 'Owen Cooper', '2008-03-28', 'P'),
('040851', 'Clyde Lynch', '2010-07-06', 'L'),
('041301', 'Louis Murray', '2009-01-20', 'P'),
('041831', 'Mabel Miller', '2008-08-27', 'L'),
('042311', 'Dora Peterson', '2009-09-17', 'P'),
('042681', 'Justin Todd', '2009-11-17', 'L'),
('043231', 'Owen Arnold', '2008-11-17', 'P'),
('043511', 'Clyde Baker', '2008-04-03', 'L'),
('044171', 'Louis Hayes', '2009-03-25', 'P'),
('044711', 'Mabel Lynch', '2008-08-18', 'L'),
('045231', 'Dora Miller', '2009-11-06', 'P'),
('045711', 'Justin Peterson', '2009-11-02', 'L'),
('046161', 'Owen Todd', '2008-08-12', 'P'),
('046551', 'Clyde Arnold', '2009-01-16', 'L'),
('047241', 'Louis Cooper', '2010-07-16', 'P'),
('047781', 'Mabel Murray', '2008-04-26', 'L'),
('048101', 'Dora Hayes', '2010-10-25', 'P'),
('048701', 'Justin Miller', '2009-05-13', 'L'),
('049171', 'Owen Peterson', '2008-07-19', 'P'),
('049511', 'Clyde Todd', '2008-04-04', 'L'),
('050071', 'Louis Austin', '2009-11-02', 'P'),
('050451', 'Mabel Baker', '2009-07-07', 'L'),
('050961', 'Dora Powell', '2010-11-06', 'P'),
('051511', 'Justin Cooper', '2008-08-29', 'L'),
('051781', 'Owen Lynch', '2009-04-20', 'P'),
('052161', 'Clyde Arnold', '2008-07-16', 'L'),
('052551', 'Louis Hayes', '2009-02-05', 'P'),
('053221', 'Mabel Todd', '2008-01-29', 'L'),
('053531', 'Dora Austin', '2010-05-13', 'P'),
('054171', 'Justin Murray', '2009-01-20', 'L'),
('054471', 'Owen Baker', '2009-08-01', 'P'),
('054841', 'Clyde Miller', '2010-06-25', 'L'),
('055451', 'Louis Peterson', '2010-01-27', 'P'),
('055961', 'Mabel Powell', '2008-08-25', 'L'),
('056461', 'Dora Cooper', '2009-05-18', 'P'),
('056891', 'Justin Lynch', '2008-01-08', 'L'),
('057411', 'Owen Hayes', '2008-02-19', 'P'),
('057971', 'Clyde Todd', '2008-05-18', 'L'),
('058471', 'Louis Miller', '2009-11-17', 'P'),
('059081', 'Mabel Arnold', '2009-09-03', 'L'),
('059531', 'Dora Austin', '2008-07-19', 'P'),
('060011', 'Justin Baker', '2009-11-20', 'L'),
('060411', 'Owen Murray', '2010-01-29', 'P'),
('060861', 'Clyde Peterson', '2009-03-24', 'L'),
('061401', 'Louis Powell', '2008-09-09', 'P'),
('061801', 'Mabel Cooper', '2010-02-28', 'L'),
('062121', 'Dora Lynch', '2008-09-24', 'P'),
('062821', 'Justin Arnold', '2009-07-28', 'L'),
('063071', 'Owen Hayes', '2009-03-07', 'P'),
('063711', 'Clyde Todd', '2008-03-16', 'L'),
('064291', 'Louis Austin', '2009-01-15', 'P'),
('064711', 'Mabel Baker', '2008-11-09', 'L'),
('065191', 'Dora Powell', '2009-05-13', 'P'),
('065601', 'Justin Cooper', '2010-07-12', 'L'),
('065961', 'Owen Lynch', '2008-03-09', 'P'),
('066341', 'Clyde Arnold', '2009-07-18', 'L'),
('066831', 'Louis Hayes', '2008-04-26', 'P'),
('067421', 'Mabel Todd', '2009-06-25', 'L'),
('067821', 'Dora Austin', '2008-08-01', 'P'),
('068431', 'Justin Murray', '2010-07-23', 'L'),
('068691', 'Owen Baker', '2010-05-23', 'P'),
('069151', 'Clyde Miller', '2008-01-08', 'L'),
('069751', 'Louis Peterson', '2008-02-19', 'P'),
('070211', 'Mabel Powell', '2009-05-13', 'L'),
('070861', 'Dora Cooper', '2009-03-12', 'P'),
('071281', 'Justin Lynch', '2010-01-14', 'L'),
('071761', 'Owen Hayes', '2009-06-03', 'P'),
('072331', 'Clyde Todd', '2008-12-16', 'L'),
('072781', 'Louis Miller', '2008-09-24', 'P'),
('073351', 'Mabel Arnold', '2010-03-22', 'L'),
('073881', 'Dora Austin', '2009-01-16', 'P'),
('074211', 'Justin Baker', '2008-07-20', 'L'),
('074741', 'Owen Murray', '2010-07-16', 'P'),
('075191', 'Clyde Peterson', '2008-08-09', 'L'),
('075591', 'Louis Powell', '2010-10-25', 'P'),
('076211', 'Mabel Cooper', '2009-05-04', 'L'),
('076471', 'Dora Lynch', '2008-11-06', 'P'),
('077151', 'Justin Arnold', '2009-02-27', 'L'),
('077531', 'Owen Hayes', '2010-11-17', 'P'),
('078171', 'Clyde Todd', '2009-07-07', 'L'),
('078651', 'Louis Austin', '2010-06-25', 'P'),
('079141', 'Mabel Baker', '2008-07-16', 'L'),
('079571', 'Dora Powell', '2010-01-27', 'P'),
('080071', 'Justin Cooper', '2009-05-10', 'L'),
('080471', 'Owen Lynch', '2008-01-29', 'P'),
('081021', 'Clyde Arnold', '2009-08-01', 'L'),
('081301', 'Louis Hayes', '2010-05-23', 'P'),
('081971', 'Mabel Todd', '2010-01-14', 'L'),
('082371', 'Dora Austin', '2008-08-25', 'P'),
('082981', 'Justin Murray', '2008-03-24', 'L'),
('083231', 'Owen Baker', '2009-03-17', 'P'),
('083751', 'Clyde Miller', '2010-07-23', 'L'),
('084331', 'Louis Peterson', '2008-09-06', 'P'),
('084791', 'Mabel Powell', '2009-03-02', 'L'),
('085071', 'Dora Cooper', '2008-10-19', 'P'),
('085731', 'Justin Lynch', '2009-07-26', 'L'),
('086081', 'Owen Hayes', '2010-06-03', 'P'),
('086551', 'Clyde Todd', '2009-11-20', 'L'),
('087091', 'Louis Miller', '2010-12-16', 'P'),
('087521', 'Mabel Arnold', '2008-03-24', 'L'),
('088161', 'Dora Austin', '2009-11-06', 'P'),
('088421', 'Justin Baker', '2009-03-24', 'L'),
('089051', 'Owen Murray', '2010-07-28', 'P'),
('089531', 'Clyde Peterson', '2008-02-13', 'L'),
('090061', 'Louis Powell', '2008-08-15', 'P'),
('090331', 'Mabel Cooper', '2008-04-03', 'L'),
('090951', 'Dora Lynch', '2009-05-23', 'P'),
('091291', 'Justin Arnold', '2008-01-26', 'L'),
('091911', 'Owen Hayes', '2008-09-06', 'P'),
('092301', 'Clyde Todd', '2009-03-18', 'L'),
('092781', 'Louis Austin', '2010-09-01', 'P'),
('093331', 'Mabel Baker', '2009-07-12', 'L'),
('093751', 'Dora Powell', '2008-01-20', 'P'),
('094261', 'Justin Cooper', '2009-03-12', 'L'),
('094581', 'Owen Lynch', '2010-03-22', 'P'),
('095091', 'Clyde Arnold', '2008-07-20', 'L'),
('095591', 'Louis Hayes', '2009-07-28', 'P'),
('096231', 'Mabel Todd', '2010-05-23', 'L'),
('096531', 'Dora Austin', '2008-03-24', 'P'),
('097061', 'Justin Murray', '2009-05-04', 'L'),
('097361', 'Owen Baker', '2008-01-20', 'P'),
('097781', 'Clyde Miller', '2009-02-14', 'L'),
('098361', 'Louis Peterson', '2009-03-17', 'P'),
('098861', 'Mabel Powell', '2009-02-27', 'L'),
('099391', 'Dora Cooper', '2010-01-27', 'P'),
('099771', 'Justin Lynch', '2009-04-19', 'L'),
('0100231', 'Owen Hayes', '2009-08-13', 'P'),
('0100721', 'Clyde Todd', '2008-11-06', 'L'),
('0101371', 'Louis Miller', '2009-01-15', 'P'),
('0101681', 'Mabel Arnold', '2008-03-14', 'L'),
('0102371', 'Dora Austin', '2008-02-17', 'P'),
('0102691', 'Justin Baker', '2009-07-16', 'L'),
('0103231', 'Owen Murray', '2010-11-16', 'P'),
('0103821', 'Clyde Peterson', '2009-02-05', 'L'),
('0104271', 'Louis Powell', '2010-06-05', 'P'),
('0104711', 'Mabel Cooper', '2010-01-14', 'L'),
('0105301', 'Dora Lynch', '2009-05-23', 'P'),
('0105731', 'Justin Arnold', '2009-06-03', 'L'),
('0106291', 'Owen Hayes', '2008-03-24', 'P'),
('0106961', 'Clyde Todd', '2008-09-06', 'L'),
('0107381', 'Louis Austin', '2010-07-22', 'P'),
('0107951', 'Mabel Baker', '2010-12-16', 'L'),
('0108391', 'Dora Powell', '2009-01-26', 'P'),
('0109011', 'Justin Cooper', '2009-06-05', 'L'),
('0109481', 'Owen Lynch', '2008-03-26', 'P'),
('0109851', 'Clyde Arnold', '2010-02-05', 'L'),
('0110391', 'Louis Hayes', '2008-10-19', 'P'),
('0110991', 'Mabel Todd', '2009-04-15', 'L'),
('0111241', 'Dora Austin', '2008-03-06', 'P'),
('0111901', 'Justin Murray', '2010-03-20', 'L'),
('0112181', 'Owen Baker', '2008-03-28', 'P'),
('0112771', 'Clyde Miller', '2010-07-06', 'L'),
('0113171', 'Louis Peterson', '2009-01-20', 'P'),
('0113701', 'Mabel Powell', '2008-08-27', 'L'),
('0114221', 'Dora Cooper', '2009-09-17', 'P'),
('0114671', 'Justin Lynch', '2009-11-17', 'L'),
('0115201', 'Owen Hayes', '2008-11-17', 'P'),
('0115451', 'Clyde Todd', '2008-04-03', 'L'),
('0116121', 'Louis Miller', '2009-03-25', 'P'),
('0116661', 'Mabel Arnold', '2008-08-18', 'L'),
('0117181', 'Dora Austin', '2009-11-06', 'P'),
('0117661', 'Justin Baker', '2009-11-02', 'L'),
('0118111', 'Owen Murray', '2008-08-12', 'P'),
('0118501', 'Clyde Peterson', '2009-01-16', 'L'),
('0119191', 'Louis Powell', '2010-07-16', 'P'),
('0119671', 'Mabel Cooper', '2008-04-26', 'L'),
('0120021', 'Dora Lynch', '2010-10-25', 'P'),
('0120611', 'Justin Arnold', '2009-05-13', 'L'),
('0120971', 'Owen Hayes', '2008-07-19', 'P'),
('0121341', 'Clyde Todd', '2008-04-04', 'L'),
('0121921', 'Louis Austin', '2009-11-02', 'P'),
('0122341', 'Mabel Baker', '2009-07-07', 'L'),
('0122821', 'Dora Powell', '2010-11-06', 'P'),
('0123321', 'Justin Cooper', '2008-08-29', 'L'),
('0123611', 'Owen Lynch', '2009-04-20', 'P'),
('0124021', 'Clyde Arnold', '2008-07-16', 'L'),
('0124441', 'Louis Hayes', '2009-02-05', 'P'),
('0125081', 'Mabel Todd', '2008-01-29', 'L'),
('0125431', 'Dora Austin', '2010-05-13', 'P'),
('0126041', 'Justin Murray', '2009-01-20', 'L'),
('0126351', 'Owen Baker', '2009-08-01', 'P'),
('0126721', 'Clyde Miller', '2010-06-25', 'L'),
('0127271', 'Louis Peterson', '2010-01-27', 'P'),
('0127761', 'Mabel Powell', '2008-08-25', 'L'),
('0128261', 'Dora Cooper', '2009-05-18', 'P'),
('0128691', 'Justin Lynch', '2008-01-08', 'L'),
('0129211', 'Owen Hayes', '2008-02-19', 'P'),
('0129781', 'Clyde Todd', '2008-05-18', 'L'),
('0130281', 'Louis Miller', '2009-11-17', 'P'),
('0130881', 'Mabel Arnold', '2009-09-03', 'L'),
('0131331', 'Dora Austin', '2008-07-19', 'P'),
('0131801', 'Justin Baker', '2009-11-20', 'L'),
('0132201', 'Owen Murray', '2010-01-29', 'P'),
('0132651', 'Clyde Peterson', '2009-03-24', 'L'),
('0133191', 'Louis Powell', '2008-09-09', 'P'),
('0133601', 'Mabel Cooper', '2010-02-28', 'L'),
('0133921', 'Dora Lynch', '2008-09-24', 'P'),
('0134621', 'Justin Arnold', '2009-07-28', 'L'),
('0134871', 'Owen Hayes', '2009-03-07', 'P'),
('0135511', 'Clyde Todd', '2008-03-16', 'L'),
('0136091', 'Louis Austin', '2009-01-15', 'P'),
('0136511', 'Mabel Baker', '2008-11-09', 'L'),
('0136991', 'Dora Powell', '2009-05-13', 'P'),
('0137401', 'Justin Cooper', '2010-07-12', 'L'),
('0137761', 'Owen Lynch', '2008-03-09', 'P'),
('0138141', 'Clyde Arnold', '2009-07-18', 'L'),
('0138631', 'Louis Hayes', '2008-04-26', 'P'),
('0139221', 'Mabel Todd', '2009-06-25', 'L'),
('0139621', 'Dora Austin', '2008-08-01', 'P'),
('0140231', 'Justin Murray', '2010-07-23', 'L'),
('0140491', 'Owen Baker', '2010-05-23', 'P'),
('0140951', 'Clyde Miller', '2008-01-08', 'L'),
('0141551', 'Louis Peterson', '2008-02-19', 'P'),
('0142011', 'Mabel Powell', '2009-05-13', 'L'),
('0142661', 'Dora Cooper', '2009-03-12', 'P'),
('0143081', 'Justin Lynch', '2010-01-14', 'L'),
('0143561', 'Owen Hayes', '2009-06-03', 'P'),
('0144131', 'Clyde Todd', '2008-12-16', 'L'),
('0144581', 'Louis Miller', '2008-09-24', 'P'),
('0145151', 'Mabel Arnold', '2010-03-22', 'L'),
('0145681', 'Dora Austin', '2009-01-16', 'P'),
('0146011', 'Justin Baker', '2008-07-20', 'L'),
('0146541', 'Owen Murray', '2010-07-16', 'P'),
('0146991', 'Clyde Peterson', '2008-08-09', 'L'),
('0147391', 'Louis Powell', '2010-10-25', 'P'),
('0148011', 'Mabel Cooper', '2009-05-04', 'L'),
('0148271', 'Dora Lynch', '2008-11-06', 'P'),
('0148951', 'Justin Arnold', '2009-02-27', 'L'),
('0149331', 'Owen Hayes', '2010-11-17', 'P'),
('0149971', 'Clyde Todd', '2009-07-07', 'L'),
('0150451', 'Louis Austin', '2010-06-25', 'P'),
('0150941', 'Mabel Baker', '2008-07-16', 'L'),
('0151371', 'Dora Powell', '2010-01-27', 'P'),
('0151871', 'Justin Cooper', '2009-05-10', 'L'),
('0152271', 'Owen Lynch', '2008-01-29', 'P'),
('0152821', 'Clyde Arnold', '2009-08-01', 'L'),
('0153101', 'Louis Hayes', '2010-05-23', 'P'),
('0153771', 'Mabel Todd', '2010-01-14', 'L'),
('0154171', 'Dora Austin', '2008-08-25', 'P'),
('0154781', 'Justin Murray', '2008-03-24', 'L'),
('0155031', 'Owen Baker', '2009-03-17', 'P'),
('0155551', 'Clyde Miller', '2010-07-23', 'L'),
('0156131', 'Louis Peterson', '2008-09-06', 'P'),
('0156591', 'Mabel Powell', '2009-03-02', 'L'),
('0156871', 'Dora Cooper', '2008-10-19', 'P'),
('0157531', 'Justin Lynch', '2009-07-26', 'L'),
('0157881', 'Owen Hayes', '2010-06-03', 'P'),
('0158351', 'Clyde Todd', '2009-11-20', 'L'),
('0158891', 'Louis Miller', '2010-12-16', 'P'),
('0159321', 'Mabel Arnold', '2008-03-24', 'L'),
('0159961', 'Dora Austin', '2009-11-06', 'P'),
('0160221', 'Justin Baker', '2009-03-24', 'L'),
('0160851', 'Owen Murray', '2010-07-28', 'P'),
('0161331', 'Clyde Peterson', '2008-02-13', 'L'),
('0161861', 'Louis Powell', '2008-08-15', 'P'),
('0162131', 'Mabel Cooper', '2008-04-03', 'L'),
('0162751', 'Dora Lynch', '2009-05-23', 'P'),
('0163091', 'Justin Arnold', '2008-01-26', 'L'),
('0163711', 'Owen Hayes', '2008-09-06', 'P'),
('0164101', 'Clyde Todd', '2009-03-18', 'L'),
('0164581', 'Louis Austin', '2010-09-01', 'P'),
('0165131', 'Mabel Baker', '2009-07-12', 'L'),
('0165551', 'Dora Powell', '2008-01-20', 'P'),
('0166061', 'Justin Cooper', '2009-03-12', 'L'),
('0166381', 'Owen Lynch', '2010-03-22', 'P'),
('0166891', 'Clyde Arnold', '2008-07-20', 'L'),
('0167391', 'Louis Hayes', '2009-07-28', 'P'),
('0168031', 'Mabel Todd', '2010-05-23', 'L'),
('0168331', 'Dora Austin', '2008-03-24', 'P'),
('0168861', 'Justin Murray', '2009-05-04', 'L'),
('0169161', 'Owen Baker', '2008-01-20', 'P'),
('0169531', 'Clyde Miller', '2009-02-14', 'L'),
('0170141', 'Louis Peterson', '2009-03-17', 'P'),
('0170641', 'Mabel Powell', '2009-02-27', 'L'),
('0171171', 'Dora Cooper', '2010-01-27', 'P'),
('0171551', 'Justin Lynch', '2009-04-19', 'L'),
('0172081', 'Owen Hayes', '2009-08-13', 'P'),
('0172461', 'Clyde Todd', '2008-11-06', 'L'),
('0172971', 'Louis Miller', '2009-01-15', 'P'),
('0173431', 'Mabel Arnold', '2008-03-14', 'L'),
('0173951', 'Dora Austin', '2008-02-17', 'P'),
('0174541', 'Justin Baker', '2009-07-16', 'L'),
('0174781', 'Owen Murray', '2010-11-16', 'P'),
('0175371', 'Clyde Peterson', '2009-02-05', 'L'),
('0175781', 'Louis Powell', '2010-06-05', 'P'),
('0176151', 'Mabel Cooper', '2010-01-14', 'L'),
('0176841', 'Dora Lynch', '2009-05-23', 'P'),
('0177301', 'Justin Arnold', '2009-06-03', 'L'),
('0177781', 'Owen Hayes', '2008-03-24', 'P'),
('0178351', 'Clyde Todd', '2008-09-06', 'L'),
('0178871', 'Louis Austin', '2010-07-22', 'P'),
('0179461', 'Mabel Baker', '2010-12-16', 'L'),
('0179901', 'Dora Powell', '2009-01-26', 'P'),
('0180471', 'Justin Cooper', '2009-06-05', 'L'),
('0180941', 'Owen Lynch', '2008-03-26', 'P'),
('0181311', 'Clyde Arnold', '2010-02-05', 'L'),
('0181851', 'Louis Hayes', '2008-10-19', 'P'),
('0182451', 'Mabel Todd', '2009-04-15', 'L'),
('0182701', 'Dora Austin', '2008-03-06', 'P'),
('0183361', 'Justin Murray', '2010-03-20', 'L'),
('0183641', 'Owen Baker', '2008-03-28', 'P'),
('0184231', 'Clyde Miller', '2010-07-06', 'L'),
('0184711', 'Louis Peterson', '2009-01-20', 'P'),
('0185241', 'Mabel Powell', '2008-08-27', 'L'),
('0185761', 'Dora Cooper', '2009-09-17', 'P'),
('0186211', 'Justin Lynch', '2009-11-17', 'L'),
('0186741', 'Owen Hayes', '2008-11-17', 'P'),
('0186991', 'Clyde Todd', '2008-04-03', 'L'),
('0187661', 'Louis Miller', '2009-03-25', 'P'),
('0188201', 'Mabel Arnold', '2008-08-18', 'L'),
('0188721', 'Dora Austin', '2009-11-06', 'P'),
('0189201', 'Justin Baker', '2009-11-02', 'L'),
('0189651', 'Owen Murray', '2008-08-12', 'P'),
('0190041', 'Clyde Peterson', '2009-01-16', 'L'),
('0190731', 'Louis Powell', '2010-07-16', 'P'),
('0191271', 'Mabel Cooper', '2008-04-26', 'L'),
('0191591', 'Dora Lynch', '2010-10-25', 'P'),
('0192181', 'Justin Arnold', '2009-05-13', 'L'),
('0192541', 'Owen Hayes', '2008-07-19', 'P'),
('0192911', 'Clyde Todd', '2008-04-04', 'L'),
('0193491', 'Louis Austin', '2009-11-02', 'P'),
('0193911', 'Mabel Baker', '2009-07-07', 'L'),
('0194391', 'Dora Powell', '2010-11-06', 'P'),
('0194891', 'Justin Cooper', '2008-08-29', 'L'),
('0195181', 'Owen Lynch', '2009-04-20', 'P'),
('0195591', 'Clyde Arnold', '2008-07-16', 'L'),
('0196001', 'Louis Hayes', '2009-02-05', 'P'),
('0196651', 'Mabel Todd', '2008-01-29', 'L'),
('0196961', 'Dora Austin', '2010-05-13', 'P'),
('0197571', 'Justin Murray', '2009-01-20', 'L'),
('0197881', 'Owen Baker', '2009-08-01', 'P'),
('0198251', 'Clyde Miller', '2010-06-25', 'L'),
('0198801', 'Louis Peterson', '2010-01-27', 'P'),
('0199311', 'Mabel Powell', '2008-08-25', 'L'),
('0199811', 'Dora Cooper', '2009-05-18', 'P'),
('0200241', 'Justin Lynch', '2008-01-08', 'L'),
('0200761', 'Owen Hayes', '2008-02-19', 'P'),
('0201321', 'Clyde Todd', '2008-05-18', 'L'),
('0201821', 'Louis Miller', '2009-11-17', 'P'),
('0202431', 'Mabel Arnold', '2009-09-03', 'L'),
('0202881', 'Dora Austin', '2008-07-19', 'P'),
('0203361', 'Justin Baker', '2009-11-20', 'L'),
('0203761', 'Owen Murray', '2010-01-29', 'P'),
('0204211', 'Clyde Peterson', '2009-03-24', 'L'),
('0204751', 'Louis Powell', '2008-09-09', 'P'),
('0205161', 'Mabel Cooper', '2010-02-28', 'L'),
('0205481', 'Dora Lynch', '2008-09-24', 'P'),
('0206181', 'Justin Arnold', '2009-07-28', 'L'),
('0206431', 'Owen Hayes', '2009-03-07', 'P'),
('0207071', 'Clyde Todd', '2008-03-16', 'L'),
('0207651', 'Louis Austin', '2009-01-15', 'P'),
('0208071', 'Mabel Baker', '2008-11-09', 'L'),
('0208551', 'Dora Powell', '2009-05-13', 'P'),
('0208961', 'Justin Cooper', '2010-07-12', 'L'),
('0209321', 'Owen Lynch', '2008-03-09', 'P'),
('0209701', 'Clyde Arnold', '2009-07-18', 'L'),
('0210191', 'Louis Hayes', '2008-04-26', 'P'),
('0210781', 'Mabel Todd', '2009-06-25', 'L'),
('0211181', 'Dora Austin', '2008-08-01', 'P'),
('0211791', 'Justin Murray', '2010-07-23', 'L'),
('0212051', 'Owen Baker', '2010-05-23', 'P'),
('0212511', 'Clyde Miller', '2008-01-08', 'L'),
('0213111', 'Louis Peterson', '2008-02-19', 'P'),
('0213571', 'Mabel Powell', '2009-05-13', 'L'),
('0214221', 'Dora Cooper', '2009-03-12', 'P'),
('0214641', 'Justin Lynch', '2010-01-14', 'L'),
('0215121', 'Owen Hayes', '2009-06-03', 'P'),
('0215691', 'Clyde Todd', '2008-12-16', 'L'),
('0216141', 'Louis Miller', '2008-09-24', 'P'),
('0216711', 'Mabel Arnold', '2010-03-22', 'L'),
('0217241', 'Dora Austin', '2009-01-16', 'P'),
('0217571', 'Justin Baker', '2008-07-20', 'L'),
('0218101', 'Owen Murray', '2010-07-16', 'P'),
('0218551', 'Clyde Peterson', '2008-08-09', 'L'),
('0218951', 'Louis Powell', '2010-10-25', 'P'),
('0219571', 'Mabel Cooper', '2009-05-04', 'L'),
('0219831', 'Dora Lynch', '2008-11-06', 'P'),
('0220511', 'Justin Arnold', '2009-02-27', 'L'),
('0220891', 'Owen Hayes', '2010-11-17', 'P'),
('0221531', 'Clyde Todd', '2009-07-07', 'L'),
('0222011', 'Louis Austin', '2010-06-25', 'P'),
('0222501', 'Mabel Baker', '2008-07-16', 'L'),
('0222931', 'Dora Powell', '2010-01-27', 'P'),
('0223431', 'Justin Cooper', '2009-05-10', 'L'),
('0223831', 'Owen Lynch', '2008-01-29', 'P'),
('0224381', 'Clyde Arnold', '2009-08-01', 'L'),
('0224661', 'Louis Hayes', '2010-05-23', 'P'),
('0225331', 'Mabel Todd', '2010-01-14', 'L'),
('0225731', 'Dora Austin', '2008-08-25', 'P'),
('0226341', 'Justin Murray', '2008-03-24', 'L'),
('0226591', 'Owen Baker', '2009-03-17', 'P'),
('0227111', 'Clyde Miller', '2010-07-23', 'L'),
('0227691', 'Louis Peterson', '2008-09-06', 'P'),
('0228151', 'Mabel Powell', '2009-03-02', 'L'),
('0228431', 'Dora Cooper', '2008-10-19', 'P'),
('0229091', 'Justin Lynch', '2009-07-26', 'L'),
('0229441', 'Owen Hayes', '2010-06-03', 'P'),
('0229911', 'Clyde Todd', '2009-11-20', 'L'),
('0230451', 'Louis Miller', '2010-12-16', 'P'),
('0230881', 'Mabel Arnold', '2008-03-24', 'L'),
('0231521', 'Dora Austin', '2009-11-06', 'P'),
('0231781', 'Justin Baker', '2009-03-24', 'L'),
('0232411', 'Owen Murray', '2010-07-28', 'P'),
('0232891', 'Clyde Peterson', '2008-02-13', 'L'),
('0233421', 'Louis Powell', '2008-08-15', 'P'),
('0233691', 'Mabel Cooper', '2008-04-03', 'L'),
('0234311', 'Dora Lynch', '2009-05-23', 'P'),
('0234651', 'Justin Arnold', '2008-01-26', 'L'),
('0235271', 'Owen Hayes', '2008-09-06', 'P'),
('0235661', 'Clyde Todd', '2009-03-18', 'L'),
('0236141', 'Louis Austin', '2010-09-01', 'P'),
('0236691', 'Mabel Baker', '2009-07-12', 'L'),
('0237111', 'Dora Powell', '2008-01-20', 'P'),
('0237621', 'Justin Cooper', '2009-03-12', 'L'),
('0237941', 'Owen Lynch', '2010-03-22', 'P'),
('0238451', 'Clyde Arnold', '2008-07-20', 'L'),
('0238951', 'Louis Hayes', '2009-07-28', 'P'),
('0239591', 'Mabel Todd', '2010-05-23', 'L'),
('0239891', 'Dora Austin', '2008-03-24', 'P'),
('0240421', 'Justin Murray', '2009-05-04', 'L'),
('0240721', 'Owen Baker', '2008-01-20', 'P'),
('0241091', 'Clyde Miller', '2009-02-14', 'L'),
('0241701', 'Louis Peterson', '2009-03-17', 'P'),
('0242201', 'Mabel Powell', '2009-02-27', 'L'),
('0242731', 'Dora Cooper', '2010-01-27', 'P'),
('0243111', 'Justin Lynch', '2009-04-19', 'L'),
('0243641', 'Owen Hayes', '2009-08-13', 'P'),
('0244021', 'Clyde Todd', '2008-11-06', 'L'),
('0244531', 'Louis Miller', '2009-01-15', 'P'),
('0244991', 'Mabel Arnold', '2008-03-14', 'L'),
('0245511', 'Dora Austin', '2008-02-17', 'P'),
('0246101', 'Justin Baker', '2009-07-16', 'L'),
('0246341', 'Owen Murray', '2010-11-16', 'P'),
('0246931', 'Clyde Peterson', '2009-02-05', 'L'),
('0247341', 'Louis Powell', '2010-06-05', 'P'),
('0247711', 'Mabel Cooper', '2010-01-14', 'L'),
('0248381', 'Dora Lynch', '2009-05-23', 'P'),
('0248841', 'Justin Arnold', '2009-06-03', 'L'),
('0249321', 'Owen Hayes', '2008-03-24', 'P'),
('0249891', 'Clyde Todd', '2008-09-06', 'L'),
('0250411', 'Louis Austin', '2010-07-22', 'P'),
('0251001', 'Mabel Baker', '2010-12-16', 'L'),
('0251441', 'Dora Powell', '2009-01-26', 'P'),
('0252011', 'Justin Cooper', '2009-06-05', 'L'),
('0252481', 'Owen Lynch', '2008-03-26', 'P'),
('0252851', 'Clyde Arnold', '2010-02-05', 'L'),
('0253391', 'Louis Hayes', '2008-10-19', 'P'),
('0253991', 'Mabel Todd', '2009-04-15', 'L'),
('0254241', 'Dora Austin', '2008-03-06', 'P'),
('0254901', 'Justin Murray', '2010-03-20', 'L'),
('0255181', 'Owen Baker', '2008-03-28', 'P'),
('0255771', 'Clyde Miller', '2010-07-06', 'L'),
('0256251', 'Louis Peterson', '2009-01-20', 'P'),
('0256781', 'Mabel Powell', '2008-08-27', 'L'),
('0257301', 'Dora Cooper', '2009-09-17', 'P'),
('0257751', 'Justin Lynch', '2009-11-17', 'L'),
('0258281', 'Owen Hayes', '2008-11-17', 'P'),
('0258531', 'Clyde Todd', '2008-04-03', 'L'),
('0259201', 'Louis Miller', '2009-03-25', 'P'),
('0259741', 'Mabel Arnold', '2008-08-18', 'L'),
('0260261', 'Dora Austin', '2009-11-06', 'P'),
('0260741', 'Justin Baker', '2009-11-02', 'L'),
('0261191', 'Owen Murray', '2008-08-12', 'P'),
('0261581', 'Clyde Peterson', '2009-01-16', 'L'),
('0262271', 'Louis Powell', '2010-07-16', 'P'),
('0262811', 'Mabel Cooper', '2008-04-26', 'L'),
('0263131', 'Dora Lynch', '2010-10-25', 'P'),
('0263721', 'Justin Arnold', '2009-05-13', 'L'),
('0264081', 'Owen Hayes', '2008-07-19', 'P'),
('0264451', 'Clyde Todd', '2008-04-04', 'L'),
('0265031', 'Louis Austin', '2009-11-02', 'P'),
('0265451', 'Mabel Baker', '2009-07-07', 'L'),
('0265931', 'Dora Powell', '2010-11-06', 'P'),
('0266431', 'Justin Cooper', '2008-08-29', 'L'),
('0266721', 'Owen Lynch', '2009-04-20', 'P'),
('0267131', 'Clyde Arnold', '2008-07-16', 'L'),
('0267541', 'Louis Hayes', '2009-02-05', 'P'),
('0268191', 'Mabel Todd', '2008-01-29', 'L'),
('0268491', 'Dora Austin', '2010-05-13', 'P'),
('0269101', 'Justin Murray', '2009-01-20', 'L'),
('0269351', 'Owen Baker', '2009-08-01', 'P'),
('0269721', 'Clyde Miller', '2010-06-25', 'L'),
('0270271', 'Louis Peterson', '2010-01-27', 'P'),
('0270761', 'Mabel Powell', '2008-08-25', 'L'),
('0271261', 'Dora Cooper', '2009-05-18', 'P'),
('0271691', 'Justin Lynch', '2008-01-08', 'L'),
('0272211', 'Owen Hayes', '2008-02-19', 'P'),
('0272781', 'Clyde Todd', '2008-05-18', 'L'),
('0273281', 'Louis Miller', '2009-11-17', 'P'),
('0273891', 'Mabel Arnold', '2009-09-03', 'L'),
('0274341', 'Dora Austin', '2008-07-19', 'P'),
('0274821', 'Justin Baker', '2009-11-20', 'L'),
('0275221', 'Owen Murray', '2010-01-29', 'P'),
('0275671', 'Clyde Peterson', '2009-03-24', 'L'),
('0276211', 'Louis Powell', '2008-09-09', 'P'),
('0276621', 'Mabel Cooper', '2010-02-28', 'L'),
('0276941', 'Dora Lynch', '2008-09-24', 'P'),
('0277641', 'Justin Arnold', '2009-07-28', 'L'),
('0277891', 'Owen Hayes', '2009-03-07', 'P'),
('0278531', 'Clyde Todd', '2008-03-16', 'L'),
('0279111', 'Louis Austin', '2009-01-15', 'P'),
('0279531', 'Mabel Baker', '2008-11-09', 'L'),
('0280011', 'Dora Powell', '2009-05-13', 'P'),
('0280421', 'Justin Cooper', '2010-07-12', 'L'),
('0280781', 'Owen Lynch', '2008-03-09', 'P'),
('0281161', 'Clyde Arnold', '2009-07-18', 'L'),
('0281651', 'Louis Hayes', '2008-04-26', 'P'),
('0282241', 'Mabel Todd', '2009-06-25', 'L'),
('0282641', 'Dora Austin', '2008-08-01', 'P'),
('0283251', 'Justin Murray', '2010-07-23', 'L'),
('0283511', 'Owen Baker', '2010-05-23', 'P'),
('0283971', 'Clyde Miller', '2008-01-08', 'L'),
('0284571', 'Louis Peterson', '2008-02-19', 'P'),
('0285031', 'Mabel Powell', '2009-05-13', 'L'),
('0285681', 'Dora Cooper', '2009-03-12', 'P'),
('0286101', 'Justin Lynch', '2010-01-14', 'L'),
('0286581', 'Owen Hayes', '2009-06-03', 'P'),
('0287151', 'Clyde Todd', '2008-12-16', 'L'),
('0287601', 'Louis Miller', '2008-09-24', 'P'),
('0288171', 'Mabel Arnold', '2010-03-22', 'L'),
('0288701', 'Dora Austin', '2009-01-16', 'P'),
('0289031', 'Justin Baker', '2008-07-20', 'L'),
('0289561', 'Owen Murray', '2010-07-16', 'P'),
('0290011', 'Clyde Peterson', '2008-08-09', 'L'),
('0290411', 'Louis Powell', '2010-10-25', 'P'),
('0291031', 'Mabel Cooper', '2009-05-04', 'L'),
('0291291', 'Dora Lynch', '2008-11-06', 'P'),
('0291971', 'Justin Arnold', '2009-02-27', 'L'),
('0292351', 'Owen Hayes', '2010-11-17', 'P'),
('0292991', 'Clyde Todd', '2009-07-07', 'L'),
('0293471', 'Louis Austin', '2010-06-25', 'P'),
('0293961', 'Mabel Baker', '2008-07-16', 'L'),
('0294391', 'Dora Powell', '2010-01-27', 'P'),
('0294891', 'Justin Cooper', '2009-05-10', 'L'),
('0295291', 'Owen Lynch', '2008-01-29', 'P'),
('0295841', 'Clyde Arnold', '2009-08-01', 'L'),
('0296121', 'Louis Hayes', '2010-05-23', 'P'),
('0296791', 'Mabel Todd', '2010-01-14', 'L'),
('0297191', 'Dora Austin', '2008-08-25', 'P'),
('0297801', 'Justin Murray', '2008-03-24', 'L'),
('0298051', 'Owen Baker', '2009-03-17', 'P'),
('0298571', 'Clyde Miller', '2010-07-23', 'L'),
('0299151', 'Louis Peterson', '2008-09-06', 'P'),
('0299611', 'Mabel Powell', '2009-03-02', 'L'),
('0299891', 'Dora Cooper', '2008-10-19', 'P'),
('0300551', 'Justin Lynch', '2009-07-26', 'L'),
('0300901', 'Owen Hayes', '2010-06-03', 'P'),
('0301371', 'Clyde Todd', '2009-11-20', 'L'),
('0301911', 'Louis Miller', '2010-12-16', 'P'),
('0302341', 'Mabel Arnold', '2008-03-24', 'L'),
('0302981', 'Dora Austin', '2009-11-06', 'P'),
('0303241', 'Justin Baker', '2009-03-24', 'L'),
('0303871', 'Owen Murray', '2010-07-28', 'P'),
('0304351', 'Clyde Peterson', '2008-02-13', 'L'),
('0304881', 'Louis Powell', '2008-08-15', 'P'),
('0305151', 'Mabel Cooper', '2008-04-03', 'L'),
('0305771', 'Dora Lynch', '2009-05-23', 'P'),
('0306111', 'Justin Arnold', '2008-01-26', 'L'),
('0306731', 'Owen Hayes', '2008-09-06', 'P'),
('0307121', 'Clyde Todd', '2009-03-18', 'L'),
('0307601', 'Louis Austin', '2010-09-01', 'P'),
('0308151', 'Mabel Baker', '2009-07-12', 'L'),
('0308571', 'Dora Powell', '2008-01-20', 'P'),
('0309081', 'Justin Cooper', '2009-03-12', 'L'),
('0309401', 'Owen Lynch', '2010-03-22', 'P'),
('0309911', 'Clyde Arnold', '2008-07-20', 'L'),
('0310411', 'Louis Hayes', '2009-07-28', 'P'),
('0311051', 'Mabel Todd', '2010-05-23', 'L'),
('0311351', 'Dora Austin', '2008-03-24', 'P'),
('0311881', 'Justin Murray', '2009-05-04', 'L'),
('0312181', 'Owen Baker', '2008-01-20', 'P'),
('0312551', 'Clyde Miller', '2009-02-14', 'L'),
('0313161', 'Louis Peterson', '2009-03-17', 'P'),
('0313661', 'Mabel Powell', '2009-02-27', 'L'),
('0314191', 'Dora Cooper', '2010-01-27', 'P'),
('0314571', 'Justin Lynch', '2009-04-19', 'L'),
('0315101', 'Owen Hayes', '2009-08-13', 'P'),
('0315481', 'Clyde Todd', '2008-11-06', 'L'),
('0315991', 'Louis Miller', '2009-01-15', 'P'),
('0316451', 'Mabel Arnold', '2008-03-14', 'L'),
('0316971', 'Dora Austin', '2008-02-17', 'P'),
('0317561', 'Justin Baker', '2009-07-16', 'L'),
('0317801', 'Owen Murray', '2010-11-16', 'P'),
('0318391', 'Clyde Peterson', '2009-02-05', 'L'),
('0318801', 'Louis Powell', '2010-06-05', 'P'),
('0319171', 'Mabel Cooper', '2010-01-14', 'L'),
('0319841', 'Dora Lynch', '2009-05-23', 'P'),
('0320301', 'Justin Arnold', '2009-06-03', 'L'),
('0320781', 'Owen Hayes', '2008-03-24', 'P'),
('0321351', 'Clyde Todd', '2008-09-06', 'L'),
('0321871', 'Louis Austin', '2010-07-22', 'P'),
('0322461', 'Mabel Baker', '2010-12-16', 'L'),
('0322901', 'Dora Powell', '2009-01-26', 'P'),
('0323471', 'Justin Cooper', '2009-06-05', 'L'),
('0323941', 'Owen Lynch', '2008-03-26', 'P'),
('0324311', 'Clyde Arnold', '2010-02-05', 'L'),
('0324851', 'Louis Hayes', '2008-10-19', 'P'),
('0325451', 'Mabel Todd', '2009-04-15', 'L'),
('0325701', 'Dora Austin', '2008-03-06', 'P'),
('0326361', 'Justin Murray', '2010-03-20', 'L'),
('0326641', 'Owen Baker', '2008-03-28', 'P'),
('0327231', 'Clyde Miller', '2010-07-06', 'L'),
('0327711', 'Louis Peterson', '2009-01-20', 'P'),
('0328241', 'Mabel Powell', '2008-08-27', 'L'),
('0328761', 'Dora Cooper', '2009-09-17', 'P'),
('0329211', 'Justin Lynch', '2009-11-17', 'L'),
('0329741', 'Owen Hayes', '2008-11-17', 'P'),
('0329991', 'Clyde Todd', '2008-04-03', 'L'),
('0330661', 'Louis Miller', '2009-03-25', 'P'),
('0331201', 'Mabel Arnold', '2008-08-18', 'L'),
('0331721', 'Dora Austin', '2009-11-06', 'P'),
('0332201', 'Justin Baker', '2009-11-02', 'L'),
('0332651', 'Owen Murray', '2008-08-12', 'P'),
('0333041', 'Clyde Peterson', '2009-01-16', 'L'),
('0333731', 'Louis Powell', '2010-07-16', 'P'),
('0334271', 'Mabel Cooper', '2008-04-26', 'L'),
('0334591', 'Dora Lynch', '2010-10-25', 'P'),
('0335181', 'Justin Arnold', '2009-05-13', 'L'),
('0335541', 'Owen Hayes', '2008-07-19', 'P'),
('0335911', 'Clyde Todd', '2008-04-04', 'L'),
('0336491', 'Louis Austin', '2009-11-02', 'P'),
('0336911', 'Mabel Baker', '2009-07-07', 'L'),
('0337391', 'Dora Powell', '2010-11-06', 'P'),
('0337891', 'Justin Cooper', '2008-08-29', 'L'),
('0338181', 'Owen Lynch', '2009-04-20', 'P'),
('0338591', 'Clyde Arnold', '2008-07-16', 'L'),
('0339001', 'Louis Hayes', '2009-02-05', 'P'),
('0339651', 'Mabel Todd', '2008-01-29', 'L'),
('0339951', 'Dora Austin', '2010-05-13', 'P'),
('0340561', 'Justin Murray', '2009-01-20', 'L'),
('0340811', 'Owen Baker', '2009-08-01', 'P'),
('0341181', 'Clyde Miller', '2010-06-25', 'L'),
('0341731', 'Louis Peterson', '2010-01-27', 'P'),
('0342221', 'Mabel Powell', '2008-08-25', 'L'),
('0342721', 'Dora Cooper', '2009-05-18', 'P'),
('0343151', 'Justin Lynch', '2008-01-08', 'L'),
('0343671', 'Owen Hayes', '2008-02-19', 'P'),
('0344231', 'Clyde Todd', '2008-05-18', 'L'),
('0344731', 'Louis Miller', '2009-11-17', 'P'),
('0345341', 'Mabel Arnold', '2009-09-03', 'L'),
('0345791', 'Dora Austin', '2008-07-19', 'P'),
('0346271', 'Justin Baker', '2009-11-20', 'L'),
('0346671', 'Owen Murray', '2010-01-29', 'P'),
('0347121', 'Clyde Peterson', '2009-03-24', 'L'),
('0347661', 'Louis Powell', '2008-09-09', 'P'),
('0348071', 'Mabel Cooper', '2010-02-28', 'L'),
('0348391', 'Dora Lynch', '2008-09-24', 'P'),
('0349091', 'Justin Arnold', '2009-07-28', 'L'),
('0349341', 'Owen Hayes', '2009-03-07', 'P'),
('0349981', 'Clyde Todd', '2008-03-16', 'L'),
('0350561', 'Louis Austin', '2009-01-15', 'P'),
('0350981', 'Mabel Baker', '2008-11-09', 'L'),
('0351461', 'Dora Powell', '2009-05-13', 'P'),
('0351871', 'Justin Cooper', '2010-07-12', 'L'),
('0352231', 'Owen Lynch', '2008-03-09', 'P'),
('0352611', 'Clyde Arnold', '2009-07-18', 'L'),
('0353101', 'Louis Hayes', '2008-04-26', 'P'),
('0353691', 'Mabel Todd', '2009-06-25', 'L'),
('0354091', 'Dora Austin', '2008-08-01', 'P'),
('0354701', 'Justin Murray', '2010-07-23', 'L'),
('0354961', 'Owen Baker', '2010-05-23', 'P'),
('0355421', 'Clyde Miller', '2008-01-08', 'L'),
('0356021', 'Louis Peterson', '2008-02-19', 'P'),
('0356481', 'Mabel Powell', '2009-05-13', 'L'),
('0357131', 'Dora Cooper', '2009-03-12', 'P'),
('0357551', 'Justin Lynch', '2010-01-14', 'L'),
('0358031', 'Owen Hayes', '2009-06-03', 'P'),
('0358601', 'Clyde Todd', '2008-12-16', 'L'),
('0359051', 'Louis Miller', '2008-09-24', 'P'),
('0359621', 'Mabel Arnold', '2010-03-22', 'L'),
('0360151', 'Dora Austin', '2009-01-16', 'P'),
('0360481', 'Justin Baker', '2008-07-20', 'L'),
('0361011', 'Owen Murray', '2010-07-16', 'P'),
('0361461', 'Clyde Peterson', '2008-08-09', 'L'),
('0361861', 'Louis Powell', '2010-10-25', 'P'),
('0362481', 'Mabel Cooper', '2009-05-04', 'L'),
('0362741', 'Dora Lynch', '2008-11-06', 'P'),
('0363421', 'Justin Arnold', '2009-02-27', 'L'),
('0363801', 'Owen Hayes', '2010-11-17', 'P'),
('0364441', 'Clyde Todd', '2009-07-07', 'L'),
('0364921', 'Louis Austin', '2010-06-25', 'P'),
('0365411', 'Mabel Baker', '2008-07-16', 'L'),
('0365841', 'Dora Powell', '2010-01-27', 'P'),
('0366341', 'Justin Cooper', '2009-05-10', 'L'),
('0366741', 'Owen Lynch', '2008-01-29', 'P'),
('0367291', 'Clyde Arnold', '2009-08-01', 'L'),
('0367571', 'Louis Hayes', '2010-05-23', 'P'),
('0368241', 'Mabel Todd', '2010-01-14', 'L'),
('0368641', 'Dora Austin', '2008-08-25', 'P'),
('0369251', 'Justin Murray', '2008-03-24', 'L'),
('0369501', 'Owen Baker', '2009-03-17', 'P'),
('0370021', 'Clyde Miller', '2010-07-23', 'L'),
('0370601', 'Louis Peterson', '2008-09-06', 'P'),
('0371061', 'Mabel Powell', '2009-03-02', 'L'),
('0371341', 'Dora Cooper', '2008-10-19', 'P'),
('0372001', 'Justin Lynch', '2009-07-26', 'L'),
('0372351', 'Owen Hayes', '2010-06-03', 'P'),
('0372821', 'Clyde Todd', '2009-11-20', 'L'),
('0373361', 'Louis Miller', '2010-12-16', 'P'),
('0373791', 'Mabel Arnold', '2008-03-24', 'L'),
('0374431', 'Dora Austin', '2009-11-06', 'P'),
('0374691', 'Justin Baker', '2009-03-24', 'L'),
('0375321', 'Owen Murray', '2010-07-28', 'P'),
('0375801', 'Clyde Peterson', '2008-02-13', 'L'),
('0376331', 'Louis Powell', '2008-08-15', 'P'),
('0376601', 'Mabel Cooper', '2008-04-03', 'L'),
('0377221', 'Dora Lynch', '2009-05-23', 'P'),
('0377561', 'Justin Arnold', '2008-01-26', 'L'),
('0378181', 'Owen Hayes', '2008-09-06', 'P'),
('0378571', 'Clyde Todd', '2009-03-18', 'L'),
('0379051', 'Louis Austin', '2010-09-01', 'P'),
('0379601', 'Mabel Baker', '2009-07-12', 'L'),
('0380021', 'Dora Powell', '2008-01-20', 'P'),
('0380531', 'Justin Cooper', '2009-03-12', 'L'),
('0380851', 'Owen Lynch', '2010-03-22', 'P'),
('0381361', 'Clyde Arnold', '2008-07-20', 'L'),
('0381861', 'Louis Hayes', '2009-07-28', 'P'),
('0382501', 'Mabel Todd', '2010-05-23', 'L'),
('0382801', 'Dora Austin', '2008-03-24', 'P'),
('0383331', 'Justin Murray', '2009-05-04', 'L'),
('0383631', 'Owen Baker', '2008-01-20', 'P'),
('0384001', 'Clyde Miller', '2009-02-14', 'L'),
('0384611', 'Louis Peterson', '2009-03-17', 'P'),
('0385111', 'Mabel Powell', '2009-02-27', 'L'),
('0385641', 'Dora Cooper', '2010-01-27', 'P'),
('0386021', 'Justin Lynch', '2009-04-19', 'L'),
('0386551', 'Owen Hayes', '2009-08-13', 'P'),
('0386931', 'Clyde Todd', '2008-11-06', 'L'),
('0387441', 'Louis Miller', '2009-01-15', 'P'),
('0387901', 'Mabel Arnold', '2008-03-14', 'L'),
('0388421', 'Dora Austin', '2008-02-17', 'P'),
('0389011', 'Justin Baker', '2009-07-16', 'L'),
('0389251', 'Owen Murray', '2010-11-16', 'P'),
('0389841', 'Clyde Peterson', '2009-02-05', 'L'),
('0390251', 'Louis Powell', '2010-06-05', 'P'),
('0390621', 'Mabel Cooper', '2010-01-14', 'L'),
('0391291', 'Dora Lynch', '2009-05-23', 'P'),
('0391751', 'Justin Arnold', '2009-06-03', 'L'),
('0392231', 'Owen Hayes', '2008-03-24', 'P'),
('0392801', 'Clyde Todd', '2008-09-06', 'L'),
('0393321', 'Louis Austin', '2010-07-22', 'P'),
('0393911', 'Mabel Baker', '2010-12-16', 'L'),
('0394351', 'Dora Powell', '2009-01-26', 'P'),
('0394921', 'Justin Cooper', '2009-06-05', 'L'),
('0395391', 'Owen Lynch', '2008-03-26', 'P'),
('0395761', 'Clyde Arnold', '2010-02-05', 'L'),
('0396301', 'Louis Hayes', '2008-10-19', 'P'),
('0396901', 'Mabel Todd', '2009-04-15', 'L'),
('0397151', 'Dora Austin', '2008-03-06', 'P'),
('0397811', 'Justin Murray', '2010-03-20', 'L'),
('0398091', 'Owen Baker', '2008-03-28', 'P'),
('0398681', 'Clyde Miller', '2010-07-06', 'L'),
('0399161', 'Louis Peterson', '2009-01-20', 'P'),
('0399691', 'Mabel Powell', '2008-08-27', 'L'),
('0400211', 'Dora Cooper', '2009-09-17', 'P'),
('0400661', 'Justin Lynch', '2009-11-17', 'L'),
('0401191', 'Owen Hayes', '2008-11-17', 'P'),
('0401441', 'Clyde Todd', '2008-04-03', 'L'),
('0402111', 'Louis Miller', '2009-03-25', 'P'),
('0402651', 'Mabel Arnold', '2008-08-18', 'L'),
('0403171', 'Dora Austin', '2009-11-06', 'P'),
('0403651', 'Justin Baker', '2009-11-02', 'L'),
('0404101', 'Owen Murray', '2008-08-12', 'P'),
('0404491', 'Clyde Peterson', '2009-01-16', 'L'),
('0405181', 'Louis Powell', '2010-07-16', 'P'),
('0405721', 'Mabel Cooper', '2008-04-26', 'L'),
('0406041', 'Dora Lynch', '2010-10-25', 'P'),
('0406631', 'Justin Arnold', '2009-05-13', 'L'),
('0406991', 'Owen Hayes', '2008-07-19', 'P'),
('0407361', 'Clyde Todd', '2008-04-04', 'L'),
('0407941', 'Louis Austin', '2009-11-02', 'P'),
('0408361', 'Mabel Baker', '2009-07-07', 'L'),
('0408841', 'Dora Powell', '2010-11-06', 'P'),
('0409341', 'Justin Cooper', '2008-08-29', 'L'),
('0409631', 'Owen Lynch', '2009-04-20', 'P'),
('0410041', 'Clyde Arnold', '2008-07-16', 'L'),
('0410451', 'Louis Hayes', '2009-02-05', 'P'),
('0411101', 'Mabel Todd', '2008-01-29', 'L'),
('0411401', 'Dora Austin', '2010-05-13', 'P'),
('0412011', 'Justin Murray', '2009-01-20', 'L'),
('0412261', 'Owen Baker', '2009-08-01', 'P'),
('0412631', 'Clyde Miller', '2010-06-25', 'L'),
('0413181', 'Louis Peterson', '2010-01-27', 'P'),
('0413671', 'Mabel Powell', '2008-08-25', 'L'),
('0414171', 'Dora Cooper', '2009-05-18', 'P'),
('0414601', 'Justin Lynch', '2008-01-08', 'L'),
('0415121', 'Owen Hayes', '2008-02-19', 'P'),
('0415691', 'Clyde Todd', '2008-05-18', 'L'),
('0416191', 'Louis Miller', '2009-11-17', 'P'),
('0416801', 'Mabel Arnold', '2009-09-03', 'L'),
('0417251', 'Dora Austin', '2008-07-19', 'P'),
('0417731', 'Justin Baker', '2009-11-20', 'L'),
('0418131', 'Owen Murray', '2010-01-29', 'P'),
('0418581', 'Clyde Peterson', '2009-03-24', 'L'),
('0419121', 'Louis Powell', '2008-09-09', 'P'),
('0419531', 'Mabel Cooper', '2010-02-28', 'L'),
('0419851', 'Dora Lynch', '2008-09-24', 'P'),
('0420551', 'Justin Arnold', '2009-07-28', 'L'),
('0420801', 'Owen Hayes', '2009-03-07', 'P'),
('0421441', 'Clyde Todd', '2008-03-16', 'L'),
('0422021', 'Louis Austin', '2009-01-15', 'P'),
('0422441', 'Mabel Baker', '2008-11-09', 'L'),
('0422921', 'Dora Powell', '2009-05-13', 'P'),
('0423331', 'Justin Cooper', '2010-07-12', 'L'),
('0423691', 'Owen Lynch', '2008-03-09', 'P'),
('0424071', 'Clyde Arnold', '2009-07-18', 'L'),
('0424561', 'Louis Hayes', '2008-04-26', 'P'),
('0425151', 'Mabel Todd', '2009-06-25', 'L'),
('0425551', 'Dora Austin', '2008-08-01', 'P'),
('0426161', 'Justin Murray', '2010-07-23', 'L'),
('0426421', 'Owen Baker', '2010-05-23', 'P'),
('0426881', 'Clyde Miller', '2008-01-08', 'L'),
('0427481', 'Louis Peterson', '2008-02-19', 'P'),
('0427941', 'Mabel Powell', '2009-05-13', 'L'),
('0428591', 'Dora Cooper', '2009-03-12', 'P'),
('0429011', 'Justin Lynch', '2010-01-14', 'L'),
('0429491', 'Owen Hayes', '2009-06-03', 'P'),
('0430061', 'Clyde Todd', '2008-12-16', 'L'),
('0430511', 'Louis Miller', '2008-09-24', 'P'),
('0431081', 'Mabel Arnold', '2010-03-22', 'L'),
('0431611', 'Dora Austin', '2009-01-16', 'P'),
('0431941', 'Justin Baker', '2008-07-20', 'L'),
('0432471', 'Owen Murray', '2010-07-16', 'P'),
('0432921', 'Clyde Peterson', '2008-08-09', 'L'),
('0433321', 'Louis Powell', '2010-10-25', 'P'),
('0433941', 'Mabel Cooper', '2009-05-04', 'L'),
('0434201', 'Dora Lynch', '2008-11-06', 'P'),
('0434881', 'Justin Arnold', '2009-02-27', 'L'),
('0435261', 'Owen Hayes', '2010-11-17', 'P'),
('0435901', 'Clyde Todd', '2009-07-07', 'L'),
('0436381', 'Louis Austin', '2010-06-25', 'P'),
('0436871', 'Mabel Baker', '2008-07-16', 'L'),
('0437301', 'Dora Powell', '2010-01-27', 'P'),
('0437801', 'Justin Cooper', '2009-05-10', 'L'),
('0438201', 'Owen Lynch', '2008-01-29', 'P'),
('0438751', 'Clyde Arnold', '2009-08-01', 'L'),
('0439031', 'Louis Hayes', '2010-05-23', 'P'),
('0439701', 'Mabel Todd', '2010-01-14', 'L'),
('0440101', 'Dora Austin', '2008-08-25', 'P'),
('0440711', 'Justin Murray', '2008-03-24', 'L'),
('0440961', 'Owen Baker', '2009-03-17', 'P'),
('0441481', 'Clyde Miller', '2010-07-23', 'L'),
('0442061', 'Louis Peterson', '2008-09-06', 'P'),
('0442521', 'Mabel Powell', '2009-03-02', 'L'),
('0442801', 'Dora Cooper', '2008-10-19', 'P'),
('0443461', 'Justin Lynch', '2009-07-26', 'L'),
('0443811', 'Owen Hayes', '2010-06-03', 'P'),
('0444281', 'Clyde Todd', '2009-11-20', 'L'),
('0444821', 'Louis Miller', '2010-12-16', 'P'),
('0445251', 'Mabel Arnold', '2008-03-24', 'L'),
('0445891', 'Dora Austin', '2009-11-06', 'P'),
('0446151', 'Justin Baker', '2009-03-24', 'L'),
('0446781', 'Owen Murray', '2010-07-28', 'P'),
('0447261', 'Clyde Peterson', '2008-02-13', 'L'),
('0447791', 'Louis Powell', '2008-08-15', 'P'),
('0448061', 'Mabel Cooper', '2008-04-03', 'L'),
('0448681', 'Dora Lynch', '2009-05-23', 'P'),
('0449021', 'Justin Arnold', '2008-01-26', 'L'),
('0449641', 'Owen Hayes', '2008-09-06', 'P'),
('0450031', 'Clyde Todd', '2009-03-18', 'L'),
('0450511', 'Louis Austin', '2010-09-01', 'P'),
('0451061', 'Mabel Baker', '2009-07-12', 'L'),
('0451481', 'Dora Powell', '2008-01-20', 'P'),
('0451991', 'Justin Cooper', '2009-03-12', 'L'),
('0452311', 'Owen Lynch', '2010-03-22', 'P'),
('0452821', 'Clyde Arnold', '2008-07-20', 'L'),
('0453321', 'Louis Hayes', '2009-07-28', 'P'),
('0453961', 'Mabel Todd', '2010-05-23', 'L'),
('0454261', 'Dora Austin', '2008-03-24', 'P'),
('0454791', 'Justin Murray', '2009-05-04', 'L'),
('0455091', 'Owen Baker', '2008-01-20', 'P'),
('0455461', 'Clyde Miller', '2009-02-14', 'L'),
('0456071', 'Louis Peterson', '2009-03-17', 'P'),
('0456571', 'Mabel Powell', '2009-02-27', 'L'),
('0457101', 'Dora Cooper', '2010-01-27', 'P'),
('0457481', 'Justin Lynch', '2009-04-19', 'L'),
('0458011', 'Owen Hayes', '2009-08-13', 'P'),
('0458391', 'Clyde Todd', '2008-11-06', 'L'),
('0458901', 'Louis Miller', '2009-01-15', 'P'),
('0459361', 'Mabel Arnold', '2008-03-14', 'L'),
('0459881', 'Dora Austin', '2008-02-17', 'P'),
('0460471', 'Justin Baker', '2009-07-16', 'L'),
('0460711', 'Owen Murray', '2010-11-16', 'P'),
('0461301', 'Clyde Peterson', '2009-02-05', 'L'),
('0461711', 'Louis Powell', '2010-06-05', 'P'),
('0462081', 'Mabel Cooper', '2010-01-14', 'L'),
('0462751', 'Dora Lynch', '2009-05-23', 'P'),
('0463211', 'Justin Arnold', '2009-06-03', 'L'),
('0463691', 'Owen Hayes', '2008-03-24', 'P'),
('0464261', 'Clyde Todd', '2008-09-06', 'L'),
('0464781', 'Louis Austin', '2010-07-22', 'P'),
('0465371', 'Mabel Baker', '2010-12-16', 'L'),
('0465811', 'Dora Powell', '2009-01-26', 'P'),
('0466381', 'Justin Cooper', '2009-06-05', 'L'),
('0466851', 'Owen Lynch', '2008-03-26', 'P'),
('0467221', 'Clyde Arnold', '2010-02-05', 'L'),
('0467761', 'Louis Hayes', '2008-10-19', 'P'),
('0468361', 'Mabel Todd', '2009-04-15', 'L'),
('0468611', 'Dora Austin', '2008-03-06', 'P'),
('0469271', 'Justin Murray', '2010-03-20', 'L'),
('01000271', 'Dora Cooper', '2009-03-12', 'P');